commodity,measure,year,price,citation,citation_date
best wheat,quarteranche,1568,11.67,"B 205, f.95v",17/12/68
good wheat,quarteranche,1568,10,"B 205, f.95v",17/12/68
mixed grain,quarteranche,1568,8.33,"B 205, f.95v",17/12/68
rye,quarteranche,1568,6.67,"B 205, f.95v",17/12/68
barley,boisseau,1568,4.17,"B 205, f.95v",17/12/68
oats,boisseau,1568,3,"B 205, f.95v",17/12/68
hempseed,boisseau,1568,6,"B 205, f.95v",17/12/68
peas,boisseau,1568,11.67,"B 205, f.95v",17/12/68
beans,boisseau,1568,11.67,"B 205, f.95v",17/12/68
Dijon best wine,queue,1568,280,"B 205, f.95v",17/12/68
village best wine,queue,1568,260,"B 205, f.95v",17/12/68
village good wine,queue,1568,200,"B 205, f.95v",17/12/68
best wheat,quarteranche,1569,13.33,"B 206, f.126",10/2/70
good wheat,quarteranche,1569,10.83,"B 206, f.126",10/2/70
mixed grain,quarteranche,1569,8.33,"B 206, f.126",10/2/70
barley,boisseau,1569,6.67,"B 206, f.126",10/2/70
oats,boisseau,1569,4.17,"B 206, f.126",10/2/70
peas,boisseau,1569,13.33,"B 206, f.126",10/2/70
beans,boisseau,1569,11.67,"B 206, f.126",10/2/70
Dijon best wine,queue,1569,440,"B 206, f.126",10/2/70
village best wine,queue,1569,360,"B 206, f.126",10/2/70
village good wine,queue,1569,360,"B 206, f.126",10/2/70
best wheat,quarteranche,1570,25,"B 207, f. 116",19/12/70
good wheat,quarteranche,1570,22,"B 207, f. 116",19/12/70
mixed grain,quarteranche,1570,18.33,"B 207, f. 116",19/12/70
rye,quarteranche,1570,14.33,"B 207, f. 116",19/12/70
barley,boisseau,1570,10,"B 207, f. 116",19/12/70
oats,boisseau,1570,5,"B 207, f. 116",19/12/70
hempseed,boisseau,1570,16.67,"B 207, f. 116",19/12/70
peas,boisseau,1570,18.33,"B 207, f. 116",19/12/70
beans,boisseau,1570,18.33,"B 207, f. 116",19/12/70
lentils,boisseau,1570,12,"B 207, f. 116",19/12/70
rapeseed,boisseau,1570,22.08,"B 207, f. 116",19/12/70
Dijon best wine,queue,1570,240,"B 207, f. 116",19/12/70
village best wine,queue,1570,120,"B 207, f. 116",19/12/70
village good wine,queue,1570,120,"B 207, f. 116",19/12/70
walnut oil,pint,1570,10,"B 207, f. 116",19/12/70
rapeseed oil,pint,1570,12.08,"B 207, f. 116",19/12/70
hempseed oil,pint,1570,11.67,"B 207, f. 116",19/12/70
best wheat,quarteranche,1571,25,"B 209, f.122",16/2/72
good wheat,quarteranche,1571,20,"B 209, f.122",16/2/72
mixed grain,quarteranche,1571,18,"B 209, f.122",16/2/72
rye,quarteranche,1571,14,"B 209, f.122",16/2/72
barley,boisseau,1571,9.5,"B 209, f.122",16/2/72
oats,boisseau,1571,5,"B 209, f.122",16/2/72
hempseed,boisseau,1571,15,"B 209, f.122",16/2/72
peas,boisseau,1571,17,"B 209, f.122",16/2/72
beans,boisseau,1571,7,"B 209, f.122",16/2/72
lentils,boisseau,1571,12,"B 209, f.122",16/2/72
rapeseed,boisseau,1571,22,"B 209, f.122",16/2/72
Dijon best wine,queue,1571,560,"B 209, f.122",16/2/72
village best wine,queue,1571,460,"B 209, f.122",16/2/72
village good wine,queue,1571,380,"B 209, f.122",16/2/72
walnut oil,pint,1571,9,"B 209, f.122",16/2/72
rapeseed oil,pint,1571,10,"B 209, f.122",16/2/72
hempseed oil,pint,1571,9,"B 209, f.122",16/2/72
best wheat,quarteranche,1572,30,"B 210, f.132",27/2/73
good wheat,quarteranche,1572,27.08,"B 210, f.132",27/2/73
mixed grain,quarteranche,1572,25,"B 210, f.132",27/2/73
rye,quarteranche,1572,22.5,"B 210, f.132",27/2/73
barley,boisseau,1572,16.67,"B 210, f.132",27/2/73
oats,boisseau,1572,8.33,"B 210, f.132",27/2/73
hempseed,boisseau,1572,11.67,"B 210, f.132",27/2/73
peas,boisseau,1572,27.67,"B 210, f.132",27/2/73
beans,boisseau,1572,26.67,"B 210, f.132",27/2/73
lentils,boisseau,1572,23.33,"B 210, f.132",27/2/73
rapeseed,boisseau,1572,27.67,"B 210, f.132",27/2/73
Dijon best wine,queue,1572,600,"B 210, f.132",27/2/73
village best wine,queue,1572,440,"B 210, f.132",27/2/73
village good wine,queue,1572,400,"B 210, f.132",27/2/73
walnut oil,pint,1572,9.5,"B 210, f.132",27/2/73
rapeseed oil,pint,1572,9.6,"B 210, f.132",27/2/73
hempseed oil,pint,1572,8.33,"B 210, f.132",27/2/73
best wheat,quarteranche,1573,36.67,"B 211, f.83v",17/11/73
good wheat,quarteranche,1573,30,"B 211, f.83v",17/11/73
mixed grain,quarteranche,1573,25,"B 211, f.83v",17/11/73
rye,quarteranche,1573,21.67,"B 211, f.83v",17/11/73
barley,boisseau,1573,16.67,"B 211, f.83v",17/11/73
oats,boisseau,1573,7.5,"B 211, f.83v",17/11/73
peas,boisseau,1573,30,"B 211, f.83v",17/11/73
beans,boisseau,1573,30,"B 211, f.83v",17/11/73
Dijon best wine,queue,1573,1200,"B 211, f.83v",17/11/73
village best wine,queue,1573,800,"B 211, f.83v",17/11/73
village good wine,queue,1573,800,"B 211, f.83v",17/11/73
best wheat,quarteranche,1574,30,"B212, f.110v",26/11/74
good wheat,quarteranche,1574,25,"B212, f.110v",26/11/74
mixed grain,quarteranche,1574,20,"B212, f.110v",26/11/74
rye,quarteranche,1574,16.67,"B212, f.110v",26/11/74
barley,boisseau,1574,11.67,"B212, f.110v",26/11/74
oats,boisseau,1574,5,"B212, f.110v",26/11/74
hempseed,boisseau,1574,16.67,"B212, f.110v",26/11/74
peas,boisseau,1574,25,"B212, f.110v",26/11/74
beans,boisseau,1574,20,"B212, f.110v",26/11/74
lentils,boisseau,1574,16.67,"B212, f.110v",26/11/74
rapeseed,boisseau,1574,30,"B212, f.110v",26/11/74
Dijon best wine,queue,1574,800,"B212, f.110v",26/11/74
village best wine,queue,1574,600,"B212, f.110v",26/11/74
village good wine,queue,1574,600,"B212, f.110v",26/11/74
walnut oil,pint,1574,12.5,"B212, f.110v",26/11/74
rapeseed oil,pint,1574,12.5,"B212, f.110v",26/11/74
hempseed oil,pint,1574,11.67,"B212, f.110v",26/11/74
best wheat,quarteranche,1575,15,"B213, f.94",25/11/75
good wheat,quarteranche,1575,12.5,"B213, f.94",25/11/75
mixed grain,quarteranche,1575,10,"B213, f.94",25/11/75
rye,quarteranche,1575,8.33,"B213, f.94",25/11/75
barley,boisseau,1575,8.5,"B213, f.94",25/11/75
oats,boisseau,1575,5,"B213, f.94",25/11/75
hempseed,boisseau,1575,18.33,"B213, f.94",25/11/75
peas,boisseau,1575,14.19,"B213, f.94",25/11/75
beans,boisseau,1575,13.33,"B213, f.94",25/11/75
rapeseed,boisseau,1575,25,"B213, f.94",25/11/75
Dijon best wine,queue,1575,320,"B213, f.94",25/11/75
village best wine,queue,1575,240,"B213, f.94",25/11/75
village good wine,queue,1575,240,"B213, f.94",25/11/75
walnut oil,pint,1575,11.67,"B213, f.94",25/11/75
rapeseed oil,pint,1575,11.67,"B213, f.94",25/11/75
hempseed oil,pint,1575,10,"B213, f.94",25/11/75
wax,pound,1575,11.67,"B213, f.94",25/11/75
best wheat,quarteranche,1576,25.83,"B208, f.121",29/11/76
good wheat,quarteranche,1576,16.67,"B208, f.121",29/11/76
mixed grain,quarteranche,1576,12.5,"B208, f.121",29/11/76
rye,quarteranche,1576,8.33,"B208, f.121",29/11/76
barley,boisseau,1576,6,"B208, f.121",29/11/76
oats,boisseau,1576,5,"B208, f.121",29/11/76
hempseed,boisseau,1576,15,"B208, f.121",29/11/76
peas,boisseau,1576,15,"B208, f.121",29/11/76
beans,boisseau,1576,15,"B208, f.121",29/11/76
rapeseed,boisseau,1576,15,"B208, f.121",29/11/76
Dijon best wine,queue,1576,700,"B208, f.121",29/11/76
village best wine,queue,1576,500,"B208, f.121",29/11/76
village good wine,queue,1576,400,"B208, f.121",29/11/76
walnut oil,pint,1576,13.33,"B208, f.121",29/11/76
rapeseed oil,pint,1576,13.33,"B208, f.121",29/11/76
hempseed oil,pint,1576,13.33,"B208, f.121",29/11/76
wax,pound,1576,12,"B208, f.121",29/11/76
best wheat,quarteranche,1577,16.67,"B214, f.99v",3/12/77
good wheat,quarteranche,1577,14.16,"B214, f.99v",3/12/77
mixed grain,quarteranche,1577,11.67,"B214, f.99v",3/12/77
rye,quarteranche,1577,9.17,"B214, f.99v",3/12/77
barley,boisseau,1577,5,"B214, f.99v",3/12/77
oats,boisseau,1577,4.16,"B214, f.99v",3/12/77
hempseed,boisseau,1577,11.67,"B214, f.99v",3/12/77
peas,boisseau,1577,10.83,"B214, f.99v",3/12/77
beans,boisseau,1577,10,"B214, f.99v",3/12/77
rapeseed,boisseau,1577,13.33,"B214, f.99v",3/12/77
Dijon best wine,queue,1577,600,"B214, f.99v",3/12/77
village best wine,queue,1577,500,"B214, f.99v",3/12/77
village good wine,queue,1577,500,"B214, f.99v",3/12/77
walnut oil,pint,1577,6.67,"B214, f.99v",3/12/77
rapeseed oil,pint,1577,8.33,"B214, f.99v",3/12/77
hempseed oil,pint,1577,8.33,"B214, f.99v",3/12/77
wax,pound,1577,12,"B214, f.99v",3/12/77
best wheat,quarteranche,1578,15,"B216, f.75",5/12/78
good wheat,quarteranche,1578,13.33,"B216, f.75",5/12/78
mixed grain,quarteranche,1578,11.67,"B216, f.75",5/12/78
rye,quarteranche,1578,8.33,"B216, f.75",5/12/78
barley,boisseau,1578,7.08,"B216, f.75",5/12/78
oats,boisseau,1578,6.67,"B216, f.75",5/12/78
peas,boisseau,1578,15,"B216, f.75",5/12/78
beans,boisseau,1578,12.5,"B216, f.75",5/12/78
rapeseed,boisseau,1578,30,"B216, f.75",5/12/78
Dijon best wine,queue,1578,480,"B216, f.75",5/12/78
village best wine,queue,1578,360,"B216, f.75",5/12/78
village good wine,queue,1578,280,"B216, f.75",5/12/78
walnut oil,pint,1578,9.16,"B216, f.75",5/12/78
rapeseed oil,pint,1578,10.83,"B216, f.75",5/12/78
wax,pound,1578,11.67,"B216, f.75",5/12/78
chickpeas,boisseau,1578,10.83,"B216, f.75",5/12/78
best wheat,quarteranche,1579,21,"B215, f.212v",1/12/79
good wheat,quarteranche,1579,18,"B215, f.212v",1/12/79
mixed grain,quarteranche,1579,15,"B215, f.212v",1/12/79
rye,quarteranche,1579,11.67,"B215, f.212v",1/12/79
barley,boisseau,1579,7.5,"B215, f.212v",1/12/79
oats,boisseau,1579,5,"B215, f.212v",1/12/79
hempseed,boisseau,1579,11.67,"B215, f.212v",1/12/79
peas,boisseau,1579,18,"B215, f.212v",1/12/79
beans,boisseau,1579,13.33,"B215, f.212v",1/12/79
rapeseed,boisseau,1579,20,"B215, f.212v",1/12/79
Dijon best wine,queue,1579,480,"B215, f.212v",1/12/79
village best wine,queue,1579,340,"B215, f.212v",1/12/79
village good wine,queue,1579,280,"B215, f.212v",1/12/79
walnut oil,pint,1579,10,"B215, f.212v",1/12/79
rapeseed oil,pint,1579,8.33,"B215, f.212v",1/12/79
wax,pound,1579,12,"B215, f.212v",1/12/79
chickpeas,boisseau,1579,6,"B215, f.212v",1/12/79
best wheat,quarteranche,1580,21,"B218, f.42",29/11/80
good wheat,quarteranche,1580,18,"B218, f.42",29/11/80
mixed grain,quarteranche,1580,15,"B218, f.42",29/11/80
rye,quarteranche,1580,11.67,"B218, f.42",29/11/80
barley,boisseau,1580,7.5,"B218, f.42",29/11/80
oats,boisseau,1580,5,"B218, f.42",29/11/80
hempseed,boisseau,1580,11.67,"B218, f.42",29/11/80
peas,boisseau,1580,18,"B218, f.42",29/11/80
beans,boisseau,1580,13.33,"B218, f.42",29/11/80
rapeseed,boisseau,1580,20,"B218, f.42",29/11/80
Dijon best wine,queue,1580,440,"B218, f.42",29/11/80
village best wine,queue,1580,280,"B218, f.42",29/11/80
village good wine,queue,1580,240,"B218, f.42",29/11/80
walnut oil,pint,1580,10,"B218, f.42",29/11/80
rapeseed oil,pint,1580,8.3,"B218, f.42",29/11/80
wax,pound,1580,12,"B218, f.42",29/11/80
chickpeas,boisseau,1580,6,"B218, f.42",29/11/80
best wheat,quarteranche,1581,21,"B219, f.81",1/12/81
good wheat,quarteranche,1581,17.5,"B219, f.81",1/12/81
mixed grain,quarteranche,1581,14,"B219, f.81",1/12/81
rye,quarteranche,1581,11,"B219, f.81",1/12/81
barley,boisseau,1581,8.33,"B219, f.81",1/12/81
oats,boisseau,1581,7.5,"B219, f.81",1/12/81
hempseed,boisseau,1581,12.5,"B219, f.81",1/12/81
peas,boisseau,1581,20,"B219, f.81",1/12/81
beans,boisseau,1581,18,"B219, f.81",1/12/81
rapeseed,boisseau,1581,30,"B219, f.81",1/12/81
Dijon best wine,queue,1581,360,"B219, f.81",1/12/81
village best wine,queue,1581,280,"B219, f.81",1/12/81
village good wine,queue,1581,200,"B219, f.81",1/12/81
walnut oil,pint,1581,15,"B219, f.81",1/12/81
rapeseed oil,pint,1581,10,"B219, f.81",1/12/81
hempseed oil,pint,1581,9,"B219, f.81",1/12/81
wax,pound,1581,12,"B219, f.81",1/12/81
best wheat,quarteranche,1582,20,"B220, f.74v",27/11/82
good wheat,quarteranche,1582,16.67,"B220, f.74v",27/11/82
mixed grain,quarteranche,1582,14.16,"B220, f.74v",27/11/82
rye,quarteranche,1582,10.83,"B220, f.74v",27/11/82
barley,boisseau,1582,7.5,"B220, f.74v",27/11/82
oats,boisseau,1582,5,"B220, f.74v",27/11/82
hempseed,boisseau,1582,10.83,"B220, f.74v",27/11/82
peas,boisseau,1582,20,"B220, f.74v",27/11/82
beans,boisseau,1582,16.67,"B220, f.74v",27/11/82
rapeseed,boisseau,1582,27.5,"B220, f.74v",27/11/82
Dijon best wine,queue,1582,320,"B220, f.74v",27/11/82
village best wine,queue,1582,220,"B220, f.74v",27/11/82
village good wine,queue,1582,180,"B220, f.74v",27/11/82
rapeseed oil,pint,1582,8.33,"B220, f.74v",27/11/82
wax,pound,1582,12,"B220, f.74v",27/11/82
best wheat,quarteranche,1583,22.5,"B221, f.90v",22/11/83
good wheat,quarteranche,1583,20,"B221, f.90v",22/11/83
mixed grain,quarteranche,1583,17.5,"B221, f.90v",22/11/83
rye,quarteranche,1583,15,"B221, f.90v",22/11/83
barley,boisseau,1583,11.67,"B221, f.90v",22/11/83
oats,boisseau,1583,6.67,"B221, f.90v",22/11/83
hempseed,boisseau,1583,13.33,"B221, f.90v",22/11/83
peas,boisseau,1583,22.5,"B221, f.90v",22/11/83
beans,boisseau,1583,16.67,"B221, f.90v",22/11/83
rapeseed,boisseau,1583,33.33,"B221, f.90v",22/11/83
Dijon best wine,queue,1583,320,"B221, f.90v",22/11/83
village best wine,queue,1583,240,"B221, f.90v",22/11/83
village good wine,queue,1583,200,"B221, f.90v",22/11/83
walnut oil,pint,1583,10,"B221, f.90v",22/11/83
rapeseed oil,pint,1583,10,"B221, f.90v",22/11/83
hempseed oil,pint,1583,10.83,"B221, f.90v",22/11/83
wax,pound,1583,13,"B221, f.90v",22/11/83
best wheat,quarteranche,1584,20,"B222, f.85v",27/11/84
good wheat,quarteranche,1584,16.5,"B222, f.85v",27/11/84
mixed grain,quarteranche,1584,13.33,"B222, f.85v",27/11/84
rye,quarteranche,1584,10,"B222, f.85v",27/11/84
barley,boisseau,1584,7.5,"B222, f.85v",27/11/84
oats,boisseau,1584,5,"B222, f.85v",27/11/84
hempseed,boisseau,1584,8.33,"B222, f.85v",27/11/84
peas,boisseau,1584,20,"B222, f.85v",27/11/84
beans,boisseau,1584,16.5,"B222, f.85v",27/11/84
rapeseed,boisseau,1584,20,"B222, f.85v",27/11/84
Dijon best wine,queue,1584,320,"B222, f.85v",27/11/84
village best wine,queue,1584,240,"B222, f.85v",27/11/84
village good wine,queue,1584,180,"B222, f.85v",27/11/84
walnut oil,pint,1584,7.5,"B222, f.85v",27/11/84
rapeseed oil,pint,1584,7.5,"B222, f.85v",27/11/84
hempseed oil,pint,1584,7.5,"B222, f.85v",27/11/84
wax,pound,1584,13,"B222, f.85v",27/11/84
best wheat,quarteranche,1585,40,"B223, f.99",22/11/85
good wheat,quarteranche,1585,35,"B223, f.99",22/11/85
mixed grain,quarteranche,1585,30,"B223, f.99",22/11/85
rye,quarteranche,1585,25,"B223, f.99",22/11/85
barley,boisseau,1585,16.5,"B223, f.99",22/11/85
oats,boisseau,1585,8.33,"B223, f.99",22/11/85
hempseed,boisseau,1585,13.33,"B223, f.99",22/11/85
peas,boisseau,1585,30,"B223, f.99",22/11/85
beans,boisseau,1585,25,"B223, f.99",22/11/85
rapeseed,boisseau,1585,25,"B223, f.99",22/11/85
Dijon best wine,queue,1585,480,"B223, f.99",22/11/85
village best wine,queue,1585,360,"B223, f.99",22/11/85
village good wine,queue,1585,300,"B223, f.99",22/11/85
walnut oil,pint,1585,15,"B223, f.99",22/11/85
rapeseed oil,pint,1585,13.33,"B223, f.99",22/11/85
wax,pound,1585,10,"B223, f.99",22/11/85
best wheat,quarteranche,1586,45,"B224, f.170v",20/12/86
good wheat,quarteranche,1586,40,"B224, f.170v",20/12/86
mixed grain,quarteranche,1586,35,"B224, f.170v",20/12/86
rye,quarteranche,1586,30,"B224, f.170v",20/12/86
barley,boisseau,1586,18.33,"B224, f.170v",20/12/86
oats,boisseau,1586,9,"B224, f.170v",20/12/86
hempseed,boisseau,1586,20,"B224, f.170v",20/12/86
peas,boisseau,1586,35,"B224, f.170v",20/12/86
beans,boisseau,1586,30,"B224, f.170v",20/12/86
rapeseed,boisseau,1586,20,"B224, f.170v",20/12/86
Dijon best wine,queue,1586,900,"B224, f.170v",20/12/86
village best wine,queue,1586,780,"B224, f.170v",20/12/86
village good wine,queue,1586,660,"B224, f.170v",20/12/86
walnut oil,pint,1586,20,"B224, f.170v",20/12/86
rapeseed oil,pint,1586,20,"B224, f.170v",20/12/86
hempseed oil,pint,1586,13.33,"B224, f.170v",20/12/86
wax,pound,1586,12,"B224, f.170v",20/12/86
best wheat,quarteranche,1587,52,"B225, f.158",8/1/88
good wheat,quarteranche,1587,46,"B225, f.158",8/1/88
mixed grain,quarteranche,1587,38,"B225, f.158",8/1/88
rye,quarteranche,1587,34,"B225, f.158",8/1/88
barley,boisseau,1587,25,"B225, f.158",8/1/88
oats,boisseau,1587,13.33,"B225, f.158",8/1/88
hempseed,boisseau,1587,25,"B225, f.158",8/1/88
peas,boisseau,1587,50,"B225, f.158",8/1/88
beans,boisseau,1587,25,"B225, f.158",8/1/88
rapeseed,boisseau,1587,40,"B225, f.158",8/1/88
Dijon best wine,queue,1587,1200,"B225, f.158",8/1/88
village best wine,queue,1587,900,"B225, f.158",8/1/88
village good wine,queue,1587,800,"B225, f.158",8/1/88
walnut oil,pint,1587,15,"B225, f.158",8/1/88
rapeseed oil,pint,1587,16,"B225, f.158",8/1/88
wax,pound,1587,12,"B225, f.158",8/1/88
chickpeas,boisseau,1587,20,"B225, f.158",8/1/88
best wheat,quarteranche,1588,20,"B226, f.121",9/12/88
good wheat,quarteranche,1588,16.5,"B226, f.121",9/12/88
mixed grain,quarteranche,1588,13.33,"B226, f.121",9/12/88
rye,quarteranche,1588,12.5,"B226, f.121",9/12/88
barley,boisseau,1588,7,"B226, f.121",9/12/88
oats,boisseau,1588,5.5,"B226, f.121",9/12/88
hempseed,boisseau,1588,15,"B226, f.121",9/12/88
peas,boisseau,1588,20,"B226, f.121",9/12/88
beans,boisseau,1588,18,"B226, f.121",9/12/88
rapeseed,boisseau,1588,40,"B226, f.121",9/12/88
Dijon best wine,queue,1588,1200,"B226, f.121",9/12/88
village best wine,queue,1588,840,"B226, f.121",9/12/88
village good wine,queue,1588,660,"B226, f.121",9/12/88
walnut oil,pint,1588,13.33,"B226, f.121",9/12/88
rapeseed oil,pint,1588,12.5,"B226, f.121",9/12/88
hempseed oil,pint,1588,13.33,"B226, f.121",9/12/88
wax,pound,1588,12.5,"B226, f.121",9/12/88
chickpeas,boisseau,1588,16.67,"B226, f.121",9/12/88
best wheat,quarteranche,1589,29,"B227, f.204v",19/1/90
good wheat,quarteranche,1589,25,"B227, f.204v",19/1/90
mixed grain,quarteranche,1589,20,"B227, f.204v",19/1/90
rye,quarteranche,1589,15,"B227, f.204v",19/1/90
barley,boisseau,1589,8.33,"B227, f.204v",19/1/90
oats,boisseau,1589,5.5,"B227, f.204v",19/1/90
hempseed,boisseau,1589,25,"B227, f.204v",19/1/90
peas,boisseau,1589,29,"B227, f.204v",19/1/90
beans,boisseau,1589,21.5,"B227, f.204v",19/1/90
rapeseed,boisseau,1589,50,"B227, f.204v",19/1/90
Dijon best wine,queue,1589,1140,"B227, f.204v",19/1/90
village best wine,queue,1589,840,"B227, f.204v",19/1/90
village good wine,queue,1589,660,"B227, f.204v",19/1/90
walnut oil,pint,1589,17.5,"B227, f.204v",19/1/90
rapeseed oil,pint,1589,20,"B227, f.204v",19/1/90
hempseed oil,pint,1589,17.5,"B227, f.204v",19/1/90
wax,pound,1589,13.33,"B227, f.204v",19/1/90
chickpeas,boisseau,1589,17.5,"B227, f.204v",19/1/90
best wheat,quarteranche,1590,35,"B228, f.202",30/4/91
good wheat,quarteranche,1590,30,"B228, f.202",30/4/91
mixed grain,quarteranche,1590,25,"B228, f.202",30/4/91
rye,quarteranche,1590,20,"B228, f.202",30/4/91
barley,boisseau,1590,14.167,"B228, f.202",30/4/91
oats,boisseau,1590,7,"B228, f.202",30/4/91
hempseed,boisseau,1590,30,"B228, f.202",30/4/91
peas,boisseau,1590,33.33,"B228, f.202",30/4/91
beans,boisseau,1590,30,"B228, f.202",30/4/91
rapeseed,boisseau,1590,50,"B228, f.202",30/4/91
Dijon best wine,queue,1590,1200,"B228, f.202",30/4/91
village best wine,queue,1590,900,"B228, f.202",30/4/91
village good wine,queue,1590,780,"B228, f.202",30/4/91
walnut oil,pint,1590,20,"B228, f.202",30/4/91
rapeseed oil,pint,1590,22.5,"B228, f.202",30/4/91
hempseed oil,pint,1590,20,"B228, f.202",30/4/91
wax,pound,1590,14,"B228, f.202",30/4/91
chickpeas,boisseau,1590,20,"B228, f.202",30/4/91
best wheat,quarteranche,1591,30,"B229, f.129v",20/12/91
good wheat,quarteranche,1591,25,"B229, f.129v",20/12/91
mixed grain,quarteranche,1591,20,"B229, f.129v",20/12/91
rye,quarteranche,1591,15,"B229, f.129v",20/12/91
barley,boisseau,1591,10,"B229, f.129v",20/12/91
oats,boisseau,1591,6,"B229, f.129v",20/12/91
hempseed,boisseau,1591,20,"B229, f.129v",20/12/91
peas,boisseau,1591,25,"B229, f.129v",20/12/91
beans,boisseau,1591,20,"B229, f.129v",20/12/91
rapeseed,boisseau,1591,40,"B229, f.129v",20/12/91
Dijon best wine,queue,1591,660,"B229, f.129v",20/12/91
village best wine,queue,1591,480,"B229, f.129v",20/12/91
village good wine,queue,1591,400,"B229, f.129v",20/12/91
walnut oil,pint,1591,20,"B229, f.129v",20/12/91
rapeseed oil,pint,1591,18,"B229, f.129v",20/12/91
hempseed oil,pint,1591,22.5,"B229, f.129v",20/12/91
wax,pound,1591,15,"B229, f.129v",20/12/91
chickpeas,boisseau,1591,20,"B229, f.129v",20/12/91
best wheat,quarteranche,1592,55,"B230, f.208",21/1/93
good wheat,quarteranche,1592,50,"B230, f.208",21/1/93
mixed grain,quarteranche,1592,45,"B230, f.208",21/1/93
rye,quarteranche,1592,37.5,"B230, f.208",21/1/93
barley,boisseau,1592,22.5,"B230, f.208",21/1/93
oats,boisseau,1592,10,"B230, f.208",21/1/93
hempseed,boisseau,1592,40,"B230, f.208",21/1/93
peas,boisseau,1592,35,"B230, f.208",21/1/93
beans,boisseau,1592,30,"B230, f.208",21/1/93
rapeseed,boisseau,1592,50,"B230, f.208",21/1/93
Dijon best wine,queue,1592,720,"B230, f.208",21/1/93
village best wine,queue,1592,540,"B230, f.208",21/1/93
village good wine,queue,1592,480,"B230, f.208",21/1/93
walnut oil,pint,1592,30,"B230, f.208",21/1/93
rapeseed oil,pint,1592,25,"B230, f.208",21/1/93
hempseed oil,pint,1592,24,"B230, f.208",21/1/93
wax,pound,1592,15,"B230, f.208",21/1/93
chickpeas,boisseau,1592,20,"B230, f.208",21/1/93
best wheat,quarteranche,1593,24,"B231, f.112",3/12/93
good wheat,quarteranche,1593,20,"B231, f.112",3/12/93
mixed grain,quarteranche,1593,15,"B231, f.112",3/12/93
rye,quarteranche,1593,13.33,"B231, f.112",3/12/93
barley,boisseau,1593,10,"B231, f.112",3/12/93
oats,boisseau,1593,6,"B231, f.112",3/12/93
hempseed,boisseau,1593,15,"B231, f.112",3/12/93
peas,boisseau,1593,20,"B231, f.112",3/12/93
beans,boisseau,1593,16.67,"B231, f.112",3/12/93
lentils,boisseau,1593,16.67,"B231, f.112",3/12/93
rapeseed,boisseau,1593,22,"B231, f.112",3/12/93
Dijon best wine,queue,1593,600,"B231, f.112",3/12/93
village best wine,queue,1593,420,"B231, f.112",3/12/93
village good wine,queue,1593,360,"B231, f.112",3/12/93
walnut oil,pint,1593,10,"B231, f.112",3/12/93
rapeseed oil,pint,1593,10,"B231, f.112",3/12/93
hempseed oil,pint,1593,12,"B231, f.112",3/12/93
wax,pound,1593,12,"B231, f.112",3/12/93
chickpeas,boisseau,1593,10,"B231, f.112",3/12/93
best wheat,quarteranche,1594,25,"B232, f.144",18/11/94
good wheat,quarteranche,1594,20,"B232, f.144",18/11/94
mixed grain,quarteranche,1594,15,"B232, f.144",18/11/94
rye,quarteranche,1594,13.33,"B232, f.144",18/11/94
barley,boisseau,1594,8,"B232, f.144",18/11/94
oats,boisseau,1594,5,"B232, f.144",18/11/94
hempseed,boisseau,1594,13.33,"B232, f.144",18/11/94
peas,boisseau,1594,15,"B232, f.144",18/11/94
beans,boisseau,1594,13.33,"B232, f.144",18/11/94
lentils,boisseau,1594,13.33,"B232, f.144",18/11/94
rapeseed,boisseau,1594,25,"B232, f.144",18/11/94
Dijon best wine,queue,1594,600,"B232, f.144",18/11/94
village best wine,queue,1594,420,"B232, f.144",18/11/94
village good wine,queue,1594,360,"B232, f.144",18/11/94
walnut oil,pint,1594,13.33,"B232, f.144",18/11/94
rapeseed oil,pint,1594,12.5,"B232, f.144",18/11/94
hempseed oil,pint,1594,12.5,"B232, f.144",18/11/94
wax,pound,1594,15,"B232, f.144",18/11/94
chickpeas,boisseau,1594,15,"B232, f.144",18/11/94
best wheat,quarteranche,1595,40,"B233, f.209",19/12/95
good wheat,quarteranche,1595,35,"B233, f.209",19/12/95
mixed grain,quarteranche,1595,30,"B233, f.209",19/12/95
rye,quarteranche,1595,25,"B233, f.209",19/12/95
barley,boisseau,1595,13.67,"B233, f.209",19/12/95
oats,boisseau,1595,8.33,"B233, f.209",19/12/95
hempseed,boisseau,1595,30,"B233, f.209",19/12/95
peas,boisseau,1595,40,"B233, f.209",19/12/95
beans,boisseau,1595,30,"B233, f.209",19/12/95
lentils,boisseau,1595,30,"B233, f.209",19/12/95
rapeseed,boisseau,1595,50,"B233, f.209",19/12/95
Dijon best wine,queue,1595,1080,"B233, f.209",19/12/95
village best wine,queue,1595,800,"B233, f.209",19/12/95
village good wine,queue,1595,720,"B233, f.209",19/12/95
walnut oil,pint,1595,20,"B233, f.209",19/12/95
rapeseed oil,pint,1595,20,"B233, f.209",19/12/95
hempseed oil,pint,1595,18,"B233, f.209",19/12/95
wax,pound,1595,12,"B233, f.209",19/12/95
chickpeas,boisseau,1595,18,"B233, f.209",19/12/95
best wheat,quarteranche,1596,55,"B234, f.138v",10/12/96
good wheat,quarteranche,1596,50,"B234, f.138v",10/12/96
mixed grain,quarteranche,1596,40,"B234, f.138v",10/12/96
rye,quarteranche,1596,35,"B234, f.138v",10/12/96
barley,boisseau,1596,25,"B234, f.138v",10/12/96
oats,boisseau,1596,12.5,"B234, f.138v",10/12/96
hempseed,boisseau,1596,20,"B234, f.138v",10/12/96
peas,boisseau,1596,40,"B234, f.138v",10/12/96
beans,boisseau,1596,25,"B234, f.138v",10/12/96
lentils,boisseau,1596,30,"B234, f.138v",10/12/96
rapeseed,boisseau,1596,45,"B234, f.138v",10/12/96
Dijon best wine,queue,1596,960,"B234, f.138v",10/12/96
village best wine,queue,1596,720,"B234, f.138v",10/12/96
village good wine,queue,1596,600,"B234, f.138v",10/12/96
walnut oil,pint,1596,20,"B234, f.138v",10/12/96
rapeseed oil,pint,1596,20,"B234, f.138v",10/12/96
hempseed oil,pint,1596,15,"B234, f.138v",10/12/96
chickpeas,boisseau,1596,30,"B234, f.138v",10/12/96
best wheat,quarteranche,1597,33,"B235, f.136",18/11/97
good wheat,quarteranche,1597,30,"B235, f.136",18/11/97
mixed grain,quarteranche,1597,24,"B235, f.136",18/11/97
rye,quarteranche,1597,22,"B235, f.136",18/11/97
barley,boisseau,1597,17,"B235, f.136",18/11/97
oats,boisseau,1597,12,"B235, f.136",18/11/97
hempseed,boisseau,1597,19,"B235, f.136",18/11/97
peas,boisseau,1597,30,"B235, f.136",18/11/97
beans,boisseau,1597,20,"B235, f.136",18/11/97
lentils,boisseau,1597,16,"B235, f.136",18/11/97
rapeseed,boisseau,1597,27,"B235, f.136",18/11/97
Dijon best wine,queue,1597,960,"B235, f.136",18/11/97
village best wine,queue,1597,720,"B235, f.136",18/11/97
village good wine,queue,1597,540,"B235, f.136",18/11/97
walnut oil,pint,1597,13.33,"B235, f.136",18/11/97
rapeseed oil,pint,1597,13.33,"B235, f.136",18/11/97
hempseed oil,pint,1597,13.33,"B235, f.136",18/11/97
chickpeas,boisseau,1597,20,"B235, f.136",18/11/97
best wheat,quarteranche,1598,25,"B236, f.152v",27/11/98
good wheat,quarteranche,1598,23,"B236, f.152v",27/11/98
mixed grain,quarteranche,1598,19,"B236, f.152v",27/11/98
rye,quarteranche,1598,15,"B236, f.152v",27/11/98
barley,boisseau,1598,9,"B236, f.152v",27/11/98
oats,boisseau,1598,7,"B236, f.152v",27/11/98
hempseed,boisseau,1598,20,"B236, f.152v",27/11/98
peas,boisseau,1598,23,"B236, f.152v",27/11/98
beans,boisseau,1598,23,"B236, f.152v",27/11/98
lentils,boisseau,1598,23,"B236, f.152v",27/11/98
rapeseed,boisseau,1598,35,"B236, f.152v",27/11/98
Dijon best wine,queue,1598,1200,"B236, f.152v",27/11/98
village best wine,queue,1598,900,"B236, f.152v",27/11/98
village good wine,queue,1598,720,"B236, f.152v",27/11/98
walnut oil,pint,1598,13.33,"B236, f.152v",27/11/98
rapeseed oil,pint,1598,13.33,"B236, f.152v",27/11/98
hempseed oil,pint,1598,13.33,"B236, f.152v",27/11/98
best wheat,quarteranche,1599,19,"B237, f.60",22/11/99
good wheat,quarteranche,1599,16.5,"B237, f.60",22/11/99
mixed grain,quarteranche,1599,12,"B237, f.60",22/11/99
rye,quarteranche,1599,8,"B237, f.60",22/11/99
barley,boisseau,1599,6,"B237, f.60",22/11/99
oats,boisseau,1599,5,"B237, f.60",22/11/99
hempseed,boisseau,1599,12,"B237, f.60",22/11/99
peas,boisseau,1599,14,"B237, f.60",22/11/99
beans,boisseau,1599,12,"B237, f.60",22/11/99
lentils,boisseau,1599,10,"B237, f.60",22/11/99
rapeseed,boisseau,1599,25,"B237, f.60",22/11/99
Dijon best wine,queue,1599,480,"B237, f.60",22/11/99
village best wine,queue,1599,240,"B237, f.60",22/11/99
village good wine,queue,1599,180,"B237, f.60",22/11/99
walnut oil,pint,1599,10,"B237, f.60",22/11/99
rapeseed oil,pint,1599,8.33,"B237, f.60",22/11/99
hempseed oil,pint,1599,8,"B237, f.60",22/11/99
best wheat,quarteranche,1600,20,"B238, f.161v",28/11/00
good wheat,quarteranche,1600,17.5,"B238, f.161v",28/11/00
mixed grain,quarteranche,1600,14,"B238, f.161v",28/11/00
rye,quarteranche,1600,10,"B238, f.161v",28/11/00
barley,boisseau,1600,10,"B238, f.161v",28/11/00
oats,boisseau,1600,10,"B238, f.161v",28/11/00
hempseed,boisseau,1600,16,"B238, f.161v",28/11/00
peas,boisseau,1600,17.5,"B238, f.161v",28/11/00
beans,boisseau,1600,12,"B238, f.161v",28/11/00
lentils,boisseau,1600,12,"B238, f.161v",28/11/00
rapeseed,boisseau,1600,28,"B238, f.161v",28/11/00
Dijon best wine,queue,1600,450,"B238, f.161v",28/11/00
village best wine,queue,1600,330,"B238, f.161v",28/11/00
village good wine,queue,1600,240,"B238, f.161v",28/11/00
walnut oil,pint,1600,10,"B238, f.161v",28/11/00
rapeseed oil,pint,1600,13,"B238, f.161v",28/11/00
hempseed oil,pint,1600,14,"B238, f.161v",28/11/00
chickpeas,boisseau,1600,20,"B238, f.161v",28/11/00
best wheat,quarteranche,1601,17,"B239, f.166v",22/11/01
good wheat,quarteranche,1601,15,"B239, f.166v",22/11/01
mixed grain,quarteranche,1601,12,"B239, f.166v",22/11/01
rye,quarteranche,1601,9,"B239, f.166v",22/11/01
barley,boisseau,1601,6,"B239, f.166v",22/11/01
oats,boisseau,1601,4,"B239, f.166v",22/11/01
hempseed,boisseau,1601,15,"B239, f.166v",22/11/01
peas,boisseau,1601,17,"B239, f.166v",22/11/01
beans,boisseau,1601,12,"B239, f.166v",22/11/01
lentils,boisseau,1601,12,"B239, f.166v",22/11/01
rapeseed,boisseau,1601,28,"B239, f.166v",22/11/01
Dijon best wine,queue,1601,900,"B239, f.166v",22/11/01
village best wine,queue,1601,600,"B239, f.166v",22/11/01
village good wine,queue,1601,420,"B239, f.166v",22/11/01
walnut oil,pint,1601,15,"B239, f.166v",22/11/01
rapeseed oil,pint,1601,15,"B239, f.166v",22/11/01
hempseed oil,pint,1601,12,"B239, f.166v",22/11/01
chickpeas,boisseau,1601,15,"B239, f.166v",22/11/01
best wheat,quarteranche,1602,20,"B240, f.198v",5/12/02
good wheat,quarteranche,1602,17,"B240, f.198v",5/12/02
mixed grain,quarteranche,1602,14,"B240, f.198v",5/12/02
rye,quarteranche,1602,12,"B240, f.198v",5/12/02
barley,boisseau,1602,7,"B240, f.198v",5/12/02
oats,boisseau,1602,5,"B240, f.198v",5/12/02
hempseed,boisseau,1602,14,"B240, f.198v",5/12/02
peas,boisseau,1602,20,"B240, f.198v",5/12/02
beans,boisseau,1602,20,"B240, f.198v",5/12/02
lentils,boisseau,1602,14,"B240, f.198v",5/12/02
rapeseed,boisseau,1602,22,"B240, f.198v",5/12/02
Dijon best wine,queue,1602,1440,"B240, f.198v",5/12/02
village best wine,queue,1602,960,"B240, f.198v",5/12/02
village good wine,queue,1602,720,"B240, f.198v",5/12/02
walnut oil,pint,1602,17.5,"B240, f.198v",5/12/02
rapeseed oil,pint,1602,15,"B240, f.198v",5/12/02
hempseed oil,pint,1602,11,"B240, f.198v",5/12/02
chickpeas,boisseau,1602,15,"B240, f.198v",5/12/02
best wheat,quarteranche,1603,30,"B241, f.165",28/11/03
good wheat,quarteranche,1603,27,"B241, f.165",28/11/03
mixed grain,quarteranche,1603,24,"B241, f.165",28/11/03
rye,quarteranche,1603,20,"B241, f.165",28/11/03
barley,boisseau,1603,12,"B241, f.165",28/11/03
oats,boisseau,1603,8,"B241, f.165",28/11/03
hempseed,boisseau,1603,10,"B241, f.165",28/11/03
peas,boisseau,1603,30,"B241, f.165",28/11/03
beans,boisseau,1603,20,"B241, f.165",28/11/03
lentils,boisseau,1603,20,"B241, f.165",28/11/03
rapeseed,boisseau,1603,32,"B241, f.165",28/11/03
Dijon best wine,queue,1603,800,"B241, f.165",28/11/03
village best wine,queue,1603,540,"B241, f.165",28/11/03
village good wine,queue,1603,480,"B241, f.165",28/11/03
walnut oil,pint,1603,8,"B241, f.165",28/11/03
rapeseed oil,pint,1603,12,"B241, f.165",28/11/03
hempseed oil,pint,1603,8,"B241, f.165",28/11/03
chickpeas,boisseau,1603,15,"B241, f.165",28/11/03
best wheat,quarteranche,1604,22,"B242, f.131",25/11/04
good wheat,quarteranche,1604,17,"B242, f.131",25/11/04
mixed grain,quarteranche,1604,15,"B242, f.131",25/11/04
rye,quarteranche,1604,13,"B242, f.131",25/11/04
barley,boisseau,1604,8,"B242, f.131",25/11/04
oats,boisseau,1604,6,"B242, f.131",25/11/04
hempseed,boisseau,1604,18,"B242, f.131",25/11/04
peas,boisseau,1604,22,"B242, f.131",25/11/04
beans,boisseau,1604,18,"B242, f.131",25/11/04
lentils,boisseau,1604,12,"B242, f.131",25/11/04
rapeseed,boisseau,1604,18,"B242, f.131",25/11/04
Dijon best wine,queue,1604,360,"B242, f.131",25/11/04
village best wine,queue,1604,480,"B242, f.131",25/11/04
village good wine,queue,1604,200,"B242, f.131",25/11/04
walnut oil,pint,1604,9,"B242, f.131",25/11/04
rapeseed oil,pint,1604,10,"B242, f.131",25/11/04
hempseed oil,pint,1604,10,"B242, f.131",25/11/04
chickpeas,boisseau,1604,10,"B242, f.131",25/11/04
best wheat,quarteranche,1605,20,"B243, f.143v",22/11/05
good wheat,quarteranche,1605,17,"B243, f.143v",22/11/05
mixed grain,quarteranche,1605,14,"B243, f.143v",22/11/05
rye,quarteranche,1605,11,"B243, f.143v",22/11/05
barley,boisseau,1605,7.5,"B243, f.143v",22/11/05
oats,boisseau,1605,6,"B243, f.143v",22/11/05
hempseed,boisseau,1605,16,"B243, f.143v",22/11/05
peas,boisseau,1605,20,"B243, f.143v",22/11/05
beans,boisseau,1605,16.5,"B243, f.143v",22/11/05
lentils,boisseau,1605,10,"B243, f.143v",22/11/05
rapeseed,boisseau,1605,27,"B243, f.143v",22/11/05
Dijon best wine,queue,1605,420,"B243, f.143v",22/11/05
village best wine,queue,1605,300,"B243, f.143v",22/11/05
village good wine,queue,1605,240,"B243, f.143v",22/11/05
walnut oil,pint,1605,15,"B243, f.143v",22/11/05
rapeseed oil,pint,1605,12,"B243, f.143v",22/11/05
hempseed oil,pint,1605,12,"B243, f.143v",22/11/05
chickpeas,boisseau,1605,10,"B243, f.143v",22/11/05
best wheat,quarteranche,1606,28,"B244, f.164",12/12/06
good wheat,quarteranche,1606,25,"B244, f.164",12/12/06
mixed grain,quarteranche,1606,17,"B244, f.164",12/12/06
rye,quarteranche,1606,13,"B244, f.164",12/12/06
barley,boisseau,1606,8,"B244, f.164",12/12/06
oats,boisseau,1606,6,"B244, f.164",12/12/06
hempseed,boisseau,1606,28,"B244, f.164",12/12/06
peas,boisseau,1606,20,"B244, f.164",12/12/06
beans,boisseau,1606,18,"B244, f.164",12/12/06
lentils,boisseau,1606,15,"B244, f.164",12/12/06
Dijon best wine,queue,1606,900,"B244, f.164",12/12/06
village best wine,queue,1606,600,"B244, f.164",12/12/06
village good wine,queue,1606,480,"B244, f.164",12/12/06
rapeseed oil,pint,1606,18,"B244, f.164",12/12/06
best wheat,quarteranche,1607,27,"B245, f.162",7/12/07
good wheat,quarteranche,1607,24,"B245, f.162",7/12/07
mixed grain,quarteranche,1607,18,"B245, f.162",7/12/07
rye,quarteranche,1607,14,"B245, f.162",7/12/07
barley,boisseau,1607,7.5,"B245, f.162",7/12/07
oats,boisseau,1607,5,"B245, f.162",7/12/07
hempseed,boisseau,1607,20,"B245, f.162",7/12/07
peas,boisseau,1607,15,"B245, f.162",7/12/07
beans,boisseau,1607,12,"B245, f.162",7/12/07
lentils,boisseau,1607,10,"B245, f.162",7/12/07
rapeseed,boisseau,1607,27,"B245, f.162",7/12/07
Dijon best wine,queue,1607,1320,"B245, f.162",7/12/07
village best wine,queue,1607,900,"B245, f.162",7/12/07
village good wine,queue,1607,720,"B245, f.162",7/12/07
walnut oil,pint,1607,20,"B245, f.162",7/12/07
rapeseed oil,pint,1607,17,"B245, f.162",7/12/07
hempseed oil,pint,1607,15,"B245, f.162",7/12/07
chickpeas,boisseau,1607,10,"B245, f.162",7/12/07
best wheat,quarteranche,1608,25,"B246, f.144v",28/11/08
good wheat,quarteranche,1608,22,"B246, f.144v",28/11/08
mixed grain,quarteranche,1608,18,"B246, f.144v",28/11/08
rye,quarteranche,1608,15,"B246, f.144v",28/11/08
barley,boisseau,1608,9,"B246, f.144v",28/11/08
oats,boisseau,1608,7,"B246, f.144v",28/11/08
hempseed,boisseau,1608,18,"B246, f.144v",28/11/08
peas,boisseau,1608,20,"B246, f.144v",28/11/08
beans,boisseau,1608,18,"B246, f.144v",28/11/08
lentils,boisseau,1608,16,"B246, f.144v",28/11/08
rapeseed,boisseau,1608,38,"B246, f.144v",28/11/08
Dijon best wine,queue,1608,1400,"B246, f.144v",28/11/08
village best wine,queue,1608,960,"B246, f.144v",28/11/08
village good wine,queue,1608,800,"B246, f.144v",28/11/08
walnut oil,pint,1608,25,"B246, f.144v",28/11/08
rapeseed oil,pint,1608,16,"B246, f.144v",28/11/08
hempseed oil,pint,1608,14,"B246, f.144v",28/11/08
chickpeas,boisseau,1608,15,"B246, f.144v",28/11/08
best wheat,quarteranche,1609,20,"B247, f.185v",1/12/09
good wheat,quarteranche,1609,17,"B247, f.185v",1/12/09
mixed grain,quarteranche,1609,15,"B247, f.185v",1/12/09
rye,quarteranche,1609,13,"B247, f.185v",1/12/09
barley,boisseau,1609,9,"B247, f.185v",1/12/09
oats,boisseau,1609,7,"B247, f.185v",1/12/09
hempseed,boisseau,1609,18,"B247, f.185v",1/12/09
peas,boisseau,1609,20,"B247, f.185v",1/12/09
beans,boisseau,1609,18,"B247, f.185v",1/12/09
lentils,boisseau,1609,18,"B247, f.185v",1/12/09
rapeseed,boisseau,1609,28,"B247, f.185v",1/12/09
Dijon best wine,queue,1609,1500,"B247, f.185v",1/12/09
village best wine,queue,1609,1000,"B247, f.185v",1/12/09
village good wine,queue,1609,720,"B247, f.185v",1/12/09
walnut oil,pint,1609,20,"B247, f.185v",1/12/09
rapeseed oil,pint,1609,15,"B247, f.185v",1/12/09
hempseed oil,pint,1609,10,"B247, f.185v",1/12/09
wax,pound,1609,15,"B247, f.185v",1/12/09
chickpeas,boisseau,1609,15,"B247, f.185v",1/12/09
best wheat,quarteranche,1610,22,B248. f.158,26/11/10
good wheat,quarteranche,1610,19,B248. f.158,26/11/10
mixed grain,quarteranche,1610,16,B248. f.158,26/11/10
rye,quarteranche,1610,15,B248. f.158,26/11/10
barley,boisseau,1610,8,B248. f.158,26/11/10
oats,boisseau,1610,7,B248. f.158,26/11/10
hempseed,boisseau,1610,16,B248. f.158,26/11/10
peas,boisseau,1610,22,B248. f.158,26/11/10
beans,boisseau,1610,15,B248. f.158,26/11/10
lentils,boisseau,1610,16,B248. f.158,26/11/10
rapeseed,boisseau,1610,30,B248. f.158,26/11/10
Dijon best wine,queue,1610,420,B248. f.158,26/11/10
village best wine,queue,1610,320,B248. f.158,26/11/10
village good wine,queue,1610,240,B248. f.158,26/11/10
walnut oil,pint,1610,20,B248. f.158,26/11/10
rapeseed oil,pint,1610,14,B248. f.158,26/11/10
hempseed oil,pint,1610,14,B248. f.158,26/11/10
chickpeas,boisseau,1610,16,B248. f.158,26/11/10
best wheat,quarteranche,1611,22,"B249, f.59",29/11/11
good wheat,quarteranche,1611,19,"B249, f.59",29/11/11
mixed grain,quarteranche,1611,15,"B249, f.59",29/11/11
rye,quarteranche,1611,14,"B249, f.59",29/11/11
barley,boisseau,1611,8,"B249, f.59",29/11/11
oats,boisseau,1611,6,"B249, f.59",29/11/11
hempseed,boisseau,1611,14,"B249, f.59",29/11/11
peas,boisseau,1611,22,"B249, f.59",29/11/11
beans,boisseau,1611,16,"B249, f.59",29/11/11
lentils,boisseau,1611,15,"B249, f.59",29/11/11
rapeseed,boisseau,1611,32,"B249, f.59",29/11/11
Dijon best wine,queue,1611,320,"B249, f.59",29/11/11
village best wine,queue,1611,240,"B249, f.59",29/11/11
village good wine,queue,1611,200,"B249, f.59",29/11/11
walnut oil,pint,1611,15,"B249, f.59",29/11/11
rapeseed oil,pint,1611,16,"B249, f.59",29/11/11
hempseed oil,pint,1611,12,"B249, f.59",29/11/11
wax,pound,1611,20,"B249, f.59",29/11/11
chickpeas,boisseau,1611,15,"B249, f.59",29/11/11
best wheat,quarteranche,1612,21,"B250, f.124",29/11/12
good wheat,quarteranche,1612,18,"B250, f.124",29/11/12
mixed grain,quarteranche,1612,15,"B250, f.124",29/11/12
rye,quarteranche,1612,13,"B250, f.124",29/11/12
barley,boisseau,1612,8,"B250, f.124",29/11/12
oats,boisseau,1612,6,"B250, f.124",29/11/12
hempseed,boisseau,1612,20,"B250, f.124",29/11/12
peas,boisseau,1612,21,"B250, f.124",29/11/12
beans,boisseau,1612,18,"B250, f.124",29/11/12
lentils,boisseau,1612,15,"B250, f.124",29/11/12
rapeseed,boisseau,1612,32,"B250, f.124",29/11/12
Dijon best wine,queue,1612,700,"B250, f.124",29/11/12
village best wine,queue,1612,440,"B250, f.124",29/11/12
village good wine,queue,1612,380,"B250, f.124",29/11/12
walnut oil,pint,1612,16,"B250, f.124",29/11/12
rapeseed oil,pint,1612,12,"B250, f.124",29/11/12
hempseed oil,pint,1612,14,"B250, f.124",29/11/12
wax,pound,1612,20,"B250, f.124",29/11/12
chickpeas,boisseau,1612,15,"B250, f.124",29/11/12
best wheat,quarteranche,1613,22,"B251, f.133v",22/11/13
good wheat,quarteranche,1613,19,"B251, f.133v",22/11/13
mixed grain,quarteranche,1613,16,"B251, f.133v",22/11/13
rye,quarteranche,1613,13,"B251, f.133v",22/11/13
barley,boisseau,1613,8,"B251, f.133v",22/11/13
oats,boisseau,1613,6,"B251, f.133v",22/11/13
hempseed,boisseau,1613,25,"B251, f.133v",22/11/13
peas,boisseau,1613,20,"B251, f.133v",22/11/13
beans,boisseau,1613,17,"B251, f.133v",22/11/13
lentils,boisseau,1613,15,"B251, f.133v",22/11/13
rapeseed,boisseau,1613,36,"B251, f.133v",22/11/13
Dijon best wine,queue,1613,1080,"B251, f.133v",22/11/13
village best wine,queue,1613,720,"B251, f.133v",22/11/13
village good wine,queue,1613,600,"B251, f.133v",22/11/13
walnut oil,pint,1613,20,"B251, f.133v",22/11/13
rapeseed oil,pint,1613,13,"B251, f.133v",22/11/13
hempseed oil,pint,1613,16,"B251, f.133v",22/11/13
wax,pound,1613,20,"B251, f.133v",22/11/13
chickpeas,boisseau,1613,14,"B251, f.133v",22/11/13
best wheat,quarteranche,1614,27,"B252, f.148",21/11/14
good wheat,quarteranche,1614,24,"B252, f.148",21/11/14
mixed grain,quarteranche,1614,22,"B252, f.148",21/11/14
rye,quarteranche,1614,20,"B252, f.148",21/11/14
barley,boisseau,1614,12,"B252, f.148",21/11/14
oats,boisseau,1614,6,"B252, f.148",21/11/14
hempseed,boisseau,1614,20,"B252, f.148",21/11/14
peas,boisseau,1614,20,"B252, f.148",21/11/14
beans,boisseau,1614,15,"B252, f.148",21/11/14
lentils,boisseau,1614,13,"B252, f.148",21/11/14
rapeseed,boisseau,1614,40,"B252, f.148",21/11/14
Dijon best wine,queue,1614,960,"B252, f.148",21/11/14
village best wine,queue,1614,640,"B252, f.148",21/11/14
village good wine,queue,1614,500,"B252, f.148",21/11/14
walnut oil,pint,1614,16,"B252, f.148",21/11/14
rapeseed oil,pint,1614,13,"B252, f.148",21/11/14
hempseed oil,pint,1614,14,"B252, f.148",21/11/14
wax,pound,1614,18,"B252, f.148",21/11/14
chickpeas,boisseau,1614,12,"B252, f.148",21/11/14
best wheat,quarteranche,1615,22.5,"B253, f.183v",28/11/15
good wheat,quarteranche,1615,20,"B253, f.183v",28/11/15
mixed grain,quarteranche,1615,18,"B253, f.183v",28/11/15
rye,quarteranche,1615,17,"B253, f.183v",28/11/15
barley,boisseau,1615,11,"B253, f.183v",28/11/15
oats,boisseau,1615,7.5,"B253, f.183v",28/11/15
hempseed,boisseau,1615,20,"B253, f.183v",28/11/15
peas,boisseau,1615,22.5,"B253, f.183v",28/11/15
beans,boisseau,1615,18,"B253, f.183v",28/11/15
lentils,boisseau,1615,16,"B253, f.183v",28/11/15
rapeseed,boisseau,1615,30,"B253, f.183v",28/11/15
Dijon best wine,queue,1615,720,"B253, f.183v",28/11/15
village best wine,queue,1615,480,"B253, f.183v",28/11/15
village good wine,queue,1615,400,"B253, f.183v",28/11/15
walnut oil,pint,1615,16,"B253, f.183v",28/11/15
rapeseed oil,pint,1615,12,"B253, f.183v",28/11/15
hempseed oil,pint,1615,14,"B253, f.183v",28/11/15
wax,pound,1615,15,"B253, f.183v",28/11/15
chickpeas,boisseau,1615,12,"B253, f.183v",28/11/15
best wheat,quarteranche,1616,20,"B254, f.136",22/11/16
good wheat,quarteranche,1616,18,"B254, f.136",22/11/16
mixed grain,quarteranche,1616,15,"B254, f.136",22/11/16
rye,quarteranche,1616,13,"B254, f.136",22/11/16
barley,boisseau,1616,10,"B254, f.136",22/11/16
oats,boisseau,1616,8,"B254, f.136",22/11/16
hempseed,boisseau,1616,16,"B254, f.136",22/11/16
peas,boisseau,1616,20,"B254, f.136",22/11/16
beans,boisseau,1616,18,"B254, f.136",22/11/16
lentils,boisseau,1616,16,"B254, f.136",22/11/16
rapeseed,boisseau,1616,30,"B254, f.136",22/11/16
Dijon best wine,queue,1616,420,"B254, f.136",22/11/16
village best wine,queue,1616,300,"B254, f.136",22/11/16
village good wine,queue,1616,240,"B254, f.136",22/11/16
walnut oil,pint,1616,15,"B254, f.136",22/11/16
rapeseed oil,pint,1616,12,"B254, f.136",22/11/16
hempseed oil,pint,1616,12,"B254, f.136",22/11/16
wax,pound,1616,16,"B254, f.136",22/11/16
chickpeas,boisseau,1616,12,"B254, f.136",22/11/16
best wheat,quarteranche,1617,20,"B255, f.136",21/11/17
good wheat,quarteranche,1617,17,"B255, f.136",21/11/17
mixed grain,quarteranche,1617,14,"B255, f.136",21/11/17
rye,quarteranche,1617,12,"B255, f.136",21/11/17
barley,boisseau,1617,8,"B255, f.136",21/11/17
oats,boisseau,1617,6.5,"B255, f.136",21/11/17
hempseed,boisseau,1617,12,"B255, f.136",21/11/17
peas,boisseau,1617,20,"B255, f.136",21/11/17
beans,boisseau,1617,15,"B255, f.136",21/11/17
lentils,boisseau,1617,16,"B255, f.136",21/11/17
rapeseed,boisseau,1617,24,"B255, f.136",21/11/17
Dijon best wine,queue,1617,800,"B255, f.136",21/11/17
village best wine,queue,1617,540,"B255, f.136",21/11/17
village good wine,queue,1617,480,"B255, f.136",21/11/17
walnut oil,pint,1617,16,"B255, f.136",21/11/17
rapeseed oil,pint,1617,13,"B255, f.136",21/11/17
hempseed oil,pint,1617,13,"B255, f.136",21/11/17
wax,pound,1617,20,"B255, f.136",21/11/17
chickpeas,boisseau,1617,12,"B255, f.136",21/11/17
best wheat,quarteranche,1618,20,"B256, f.173v",20/11/18
good wheat,quarteranche,1618,18,"B256, f.173v",20/11/18
mixed grain,quarteranche,1618,15,"B256, f.173v",20/11/18
rye,quarteranche,1618,12,"B256, f.173v",20/11/18
barley,boisseau,1618,8,"B256, f.173v",20/11/18
oats,boisseau,1618,7,"B256, f.173v",20/11/18
hempseed,boisseau,1618,12,"B256, f.173v",20/11/18
peas,boisseau,1618,18,"B256, f.173v",20/11/18
beans,boisseau,1618,13,"B256, f.173v",20/11/18
lentils,boisseau,1618,16,"B256, f.173v",20/11/18
rapeseed,boisseau,1618,25,"B256, f.173v",20/11/18
Dijon best wine,queue,1618,600,"B256, f.173v",20/11/18
village best wine,queue,1618,400,"B256, f.173v",20/11/18
village good wine,queue,1618,360,"B256, f.173v",20/11/18
walnut oil,pint,1618,14,"B256, f.173v",20/11/18
rapeseed oil,pint,1618,12,"B256, f.173v",20/11/18
hempseed oil,pint,1618,10,"B256, f.173v",20/11/18
wax,pound,1618,18,"B256, f.173v",20/11/18
chickpeas,boisseau,1618,12,"B256, f.173v",20/11/18
best wheat,quarteranche,1619,24,"B257, f.148",22/11/19
good wheat,quarteranche,1619,22,"B257, f.148",22/11/19
mixed grain,quarteranche,1619,18,"B257, f.148",22/11/19
rye,quarteranche,1619,15,"B257, f.148",22/11/19
barley,boisseau,1619,10,"B257, f.148",22/11/19
oats,boisseau,1619,7,"B257, f.148",22/11/19
hempseed,boisseau,1619,24,"B257, f.148",22/11/19
peas,boisseau,1619,20,"B257, f.148",22/11/19
beans,boisseau,1619,15,"B257, f.148",22/11/19
lentils,boisseau,1619,16,"B257, f.148",22/11/19
rapeseed,boisseau,1619,24,"B257, f.148",22/11/19
Dijon best wine,queue,1619,660,"B257, f.148",22/11/19
village best wine,queue,1619,480,"B257, f.148",22/11/19
village good wine,queue,1619,400,"B257, f.148",22/11/19
walnut oil,pint,1619,15,"B257, f.148",22/11/19
rapeseed oil,pint,1619,12,"B257, f.148",22/11/19
hempseed oil,pint,1619,15,"B257, f.148",22/11/19
wax,pound,1619,18,"B257, f.148",22/11/19
chickpeas,boisseau,1619,13,"B257, f.148",22/11/19
best wheat,quarteranche,1620,26,"B258, f.156v",27/11/20
good wheat,quarteranche,1620,24,"B258, f.156v",27/11/20
mixed grain,quarteranche,1620,20,"B258, f.156v",27/11/20
rye,quarteranche,1620,17,"B258, f.156v",27/11/20
barley,boisseau,1620,10,"B258, f.156v",27/11/20
oats,boisseau,1620,6,"B258, f.156v",27/11/20
hempseed,boisseau,1620,15,"B258, f.156v",27/11/20
peas,boisseau,1620,20,"B258, f.156v",27/11/20
beans,boisseau,1620,16,"B258, f.156v",27/11/20
lentils,boisseau,1620,15,"B258, f.156v",27/11/20
rapeseed,boisseau,1620,26,"B258, f.156v",27/11/20
Dijon best wine,queue,1620,900,"B258, f.156v",27/11/20
village best wine,queue,1620,600,"B258, f.156v",27/11/20
village good wine,queue,1620,480,"B258, f.156v",27/11/20
walnut oil,pint,1620,16,"B258, f.156v",27/11/20
rapeseed oil,pint,1620,13,"B258, f.156v",27/11/20
hempseed oil,pint,1620,12,"B258, f.156v",27/11/20
wax,pound,1620,17,"B258, f.156v",27/11/20
chickpeas,boisseau,1620,12,"B258, f.156v",27/11/20
best wheat,quarteranche,1621,26,"B259, f.137v",26/11/21
good wheat,quarteranche,1621,23,"B259, f.137v",26/11/21
mixed grain,quarteranche,1621,18,"B259, f.137v",26/11/21
rye,quarteranche,1621,15,"B259, f.137v",26/11/21
barley,boisseau,1621,11,"B259, f.137v",26/11/21
oats,boisseau,1621,8,"B259, f.137v",26/11/21
hempseed,boisseau,1621,14,"B259, f.137v",26/11/21
peas,boisseau,1621,19,"B259, f.137v",26/11/21
beans,boisseau,1621,16,"B259, f.137v",26/11/21
lentils,boisseau,1621,15,"B259, f.137v",26/11/21
rapeseed,boisseau,1621,28,"B259, f.137v",26/11/21
Dijon best wine,queue,1621,600,"B259, f.137v",26/11/21
village best wine,queue,1621,400,"B259, f.137v",26/11/21
village good wine,queue,1621,320,"B259, f.137v",26/11/21
walnut oil,pint,1621,16,"B259, f.137v",26/11/21
rapeseed oil,pint,1621,12,"B259, f.137v",26/11/21
hempseed oil,pint,1621,12,"B259, f.137v",26/11/21
wax,pound,1621,16,"B259, f.137v",26/11/21
chickpeas,boisseau,1621,12,"B259, f.137v",26/11/21
best wheat,quarteranche,1622,35,"B260, f.124",22/11/22
good wheat,quarteranche,1622,30,"B260, f.124",22/11/22
mixed grain,quarteranche,1622,23,"B260, f.124",22/11/22
rye,quarteranche,1622,20,"B260, f.124",22/11/22
barley,boisseau,1622,13,"B260, f.124",22/11/22
oats,boisseau,1622,9,"B260, f.124",22/11/22
hempseed,boisseau,1622,24,"B260, f.124",22/11/22
peas,boisseau,1622,28,"B260, f.124",22/11/22
beans,boisseau,1622,20,"B260, f.124",22/11/22
lentils,boisseau,1622,20,"B260, f.124",22/11/22
rapeseed,boisseau,1622,30,"B260, f.124",22/11/22
Dijon best wine,queue,1622,1080,"B260, f.124",22/11/22
village best wine,queue,1622,660,"B260, f.124",22/11/22
village good wine,queue,1622,560,"B260, f.124",22/11/22
walnut oil,pint,1622,16,"B260, f.124",22/11/22
rapeseed oil,pint,1622,14,"B260, f.124",22/11/22
hempseed oil,pint,1622,13,"B260, f.124",22/11/22
wax,pound,1622,16,"B260, f.124",22/11/22
chickpeas,boisseau,1622,14,"B260, f.124",22/11/22
best wheat,quarteranche,1623,22.5,"B261, f.163",28/11/23
good wheat,quarteranche,1623,19,"B261, f.163",28/11/23
mixed grain,quarteranche,1623,15,"B261, f.163",28/11/23
rye,quarteranche,1623,13,"B261, f.163",28/11/23
barley,boisseau,1623,10,"B261, f.163",28/11/23
oats,boisseau,1623,8,"B261, f.163",28/11/23
hempseed,boisseau,1623,25,"B261, f.163",28/11/23
peas,boisseau,1623,22.5,"B261, f.163",28/11/23
beans,boisseau,1623,18,"B261, f.163",28/11/23
lentils,boisseau,1623,18,"B261, f.163",28/11/23
rapeseed,boisseau,1623,36,"B261, f.163",28/11/23
Dijon best wine,queue,1623,780,"B261, f.163",28/11/23
village best wine,queue,1623,540,"B261, f.163",28/11/23
village good wine,queue,1623,440,"B261, f.163",28/11/23
walnut oil,pint,1623,16,"B261, f.163",28/11/23
rapeseed oil,pint,1623,18,"B261, f.163",28/11/23
hempseed oil,pint,1623,18,"B261, f.163",28/11/23
wax,pound,1623,15,"B261, f.163",28/11/23
chickpeas,boisseau,1623,12,"B261, f.163",28/11/23
best wheat,quarteranche,1624,22.5,"B262, f.122",19/11/24
good wheat,quarteranche,1624,20,"B262, f.122",19/11/24
mixed grain,quarteranche,1624,16,"B262, f.122",19/11/24
rye,quarteranche,1624,14,"B262, f.122",19/11/24
barley,boisseau,1624,8.5,"B262, f.122",19/11/24
oats,boisseau,1624,7,"B262, f.122",19/11/24
hempseed,boisseau,1624,20,"B262, f.122",19/11/24
peas,boisseau,1624,22,"B262, f.122",19/11/24
beans,boisseau,1624,18,"B262, f.122",19/11/24
lentils,boisseau,1624,16,"B262, f.122",19/11/24
rapeseed,boisseau,1624,40,"B262, f.122",19/11/24
Dijon best wine,queue,1624,560,"B262, f.122",19/11/24
village best wine,queue,1624,400,"B262, f.122",19/11/24
village good wine,queue,1624,320,"B262, f.122",19/11/24
walnut oil,pint,1624,16,"B262, f.122",19/11/24
rapeseed oil,pint,1624,16,"B262, f.122",19/11/24
hempseed oil,pint,1624,14,"B262, f.122",19/11/24
wax,pound,1624,16,"B262, f.122",19/11/24
chickpeas,boisseau,1624,12,"B262, f.122",19/11/24
best wheat,quarteranche,1625,25,"B263, f.133v",21/11/25
good wheat,quarteranche,1625,21,"B263, f.133v",21/11/25
mixed grain,quarteranche,1625,16,"B263, f.133v",21/11/25
rye,quarteranche,1625,14,"B263, f.133v",21/11/25
barley,boisseau,1625,9,"B263, f.133v",21/11/25
oats,boisseau,1625,7,"B263, f.133v",21/11/25
hempseed,boisseau,1625,27.5,"B263, f.133v",21/11/25
peas,boisseau,1625,22,"B263, f.133v",21/11/25
beans,boisseau,1625,16,"B263, f.133v",21/11/25
lentils,boisseau,1625,16,"B263, f.133v",21/11/25
rapeseed,boisseau,1625,35,"B263, f.133v",21/11/25
Dijon best wine,queue,1625,720,"B263, f.133v",21/11/25
village best wine,queue,1625,500,"B263, f.133v",21/11/25
village good wine,queue,1625,400,"B263, f.133v",21/11/25
walnut oil,pint,1625,18,"B263, f.133v",21/11/25
rapeseed oil,pint,1625,16,"B263, f.133v",21/11/25
hempseed oil,pint,1625,16,"B263, f.133v",21/11/25
wax,pound,1625,16,"B263, f.133v",21/11/25
chickpeas,boisseau,1625,12,"B263, f.133v",21/11/25
best wheat,quarteranche,1626,33,"B264, f.128v",24/11/26
good wheat,quarteranche,1626,28,"B264, f.128v",24/11/26
mixed grain,quarteranche,1626,24,"B264, f.128v",24/11/26
rye,quarteranche,1626,19,"B264, f.128v",24/11/26
barley,boisseau,1626,13,"B264, f.128v",24/11/26
oats,boisseau,1626,9,"B264, f.128v",24/11/26
hempseed,boisseau,1626,22,"B264, f.128v",24/11/26
peas,boisseau,1626,28,"B264, f.128v",24/11/26
beans,boisseau,1626,18,"B264, f.128v",24/11/26
lentils,boisseau,1626,20,"B264, f.128v",24/11/26
rapeseed,boisseau,1626,40,"B264, f.128v",24/11/26
Dijon best wine,queue,1626,960,"B264, f.128v",24/11/26
village best wine,queue,1626,720,"B264, f.128v",24/11/26
village good wine,queue,1626,600,"B264, f.128v",24/11/26
walnut oil,pint,1626,18,"B264, f.128v",24/11/26
rapeseed oil,pint,1626,15,"B264, f.128v",24/11/26
hempseed oil,pint,1626,15,"B264, f.128v",24/11/26
wax,pound,1626,16,"B264, f.128v",24/11/26
chickpeas,boisseau,1626,15,"B264, f.128v",24/11/26
best wheat,quarteranche,1627,34,"B265, f.130v",7/12/27
good wheat,quarteranche,1627,20,"B265, f.130v",7/12/27
mixed grain,quarteranche,1627,24,"B265, f.130v",7/12/27
rye,quarteranche,1627,22.5,"B265, f.130v",7/12/27
barley,boisseau,1627,16,"B265, f.130v",7/12/27
oats,boisseau,1627,10,"B265, f.130v",7/12/27
hempseed,boisseau,1627,30,"B265, f.130v",7/12/27
peas,boisseau,1627,30,"B265, f.130v",7/12/27
beans,boisseau,1627,20,"B265, f.130v",7/12/27
lentils,boisseau,1627,20,"B265, f.130v",7/12/27
rapeseed,boisseau,1627,34,"B265, f.130v",7/12/27
Dijon best wine,queue,1627,680,"B265, f.130v",7/12/27
village best wine,queue,1627,460,"B265, f.130v",7/12/27
village good wine,queue,1627,360,"B265, f.130v",7/12/27
walnut oil,pint,1627,16,"B265, f.130v",7/12/27
rapeseed oil,pint,1627,15,"B265, f.130v",7/12/27
hempseed oil,pint,1627,14,"B265, f.130v",7/12/27
wax,pound,1627,16,"B265, f.130v",7/12/27
chickpeas,boisseau,1627,15,"B265, f.130v",7/12/27
best wheat,quarteranche,1628,40,"B266, f.157v",4/12/28
good wheat,quarteranche,1628,35,"B266, f.157v",4/12/28
mixed grain,quarteranche,1628,30,"B266, f.157v",4/12/28
rye,quarteranche,1628,25,"B266, f.157v",4/12/28
barley,boisseau,1628,18,"B266, f.157v",4/12/28
oats,boisseau,1628,9,"B266, f.157v",4/12/28
hempseed,boisseau,1628,20,"B266, f.157v",4/12/28
peas,boisseau,1628,40,"B266, f.157v",4/12/28
beans,boisseau,1628,24,"B266, f.157v",4/12/28
lentils,boisseau,1628,35,"B266, f.157v",4/12/28
rapeseed,boisseau,1628,40,"B266, f.157v",4/12/28
Dijon best wine,queue,1628,1440,"B266, f.157v",4/12/28
village best wine,queue,1628,960,"B266, f.157v",4/12/28
village good wine,queue,1628,720,"B266, f.157v",4/12/28
walnut oil,pint,1628,16,"B266, f.157v",4/12/28
rapeseed oil,pint,1628,16,"B266, f.157v",4/12/28
hempseed oil,pint,1628,12,"B266, f.157v",4/12/28
wax,pound,1628,16,"B266, f.157v",4/12/28
chickpeas,boisseau,1628,18,"B266, f.157v",4/12/28
best wheat,quarteranche,1629,40,"B267, f.114",29/11/29
good wheat,quarteranche,1629,35,"B267, f.114",29/11/29
mixed grain,quarteranche,1629,30,"B267, f.114",29/11/29
rye,quarteranche,1629,26,"B267, f.114",29/11/29
barley,boisseau,1629,16,"B267, f.114",29/11/29
oats,boisseau,1629,9,"B267, f.114",29/11/29
hempseed,boisseau,1629,20,"B267, f.114",29/11/29
peas,boisseau,1629,35,"B267, f.114",29/11/29
beans,boisseau,1629,20,"B267, f.114",29/11/29
lentils,boisseau,1629,22,"B267, f.114",29/11/29
rapeseed,boisseau,1629,35,"B267, f.114",29/11/29
Dijon best wine,queue,1629,540,"B267, f.114",29/11/29
village best wine,queue,1629,360,"B267, f.114",29/11/29
village good wine,queue,1629,320,"B267, f.114",29/11/29
walnut oil,pint,1629,16,"B267, f.114",29/11/29
rapeseed oil,pint,1629,16,"B267, f.114",29/11/29
hempseed oil,pint,1629,12,"B267, f.114",29/11/29
wax,pound,1629,16,"B267, f.114",29/11/29
chickpeas,boisseau,1629,16,"B267, f.114",29/11/29
best wheat,quarteranche,1630,66,"B268, f.108",26/11/30
good wheat,quarteranche,1630,60,"B268, f.108",26/11/30
mixed grain,quarteranche,1630,55,"B268, f.108",26/11/30
rye,quarteranche,1630,50,"B268, f.108",26/11/30
barley,boisseau,1630,35,"B268, f.108",26/11/30
oats,boisseau,1630,18,"B268, f.108",26/11/30
hempseed,boisseau,1630,40,"B268, f.108",26/11/30
peas,boisseau,1630,60,"B268, f.108",26/11/30
beans,boisseau,1630,40,"B268, f.108",26/11/30
lentils,boisseau,1630,40,"B268, f.108",26/11/30
rapeseed,boisseau,1630,60,"B268, f.108",26/11/30
Dijon best wine,queue,1630,400,"B268, f.108",26/11/30
village best wine,queue,1630,280,"B268, f.108",26/11/30
village good wine,queue,1630,210,"B268, f.108",26/11/30
walnut oil,pint,1630,18,"B268, f.108",26/11/30
rapeseed oil,pint,1630,18,"B268, f.108",26/11/30
hempseed oil,pint,1630,20,"B268, f.108",26/11/30
wax,pound,1630,18,"B268, f.108",26/11/30
chickpeas,boisseau,1630,35,"B268, f.108",26/11/30
